id,img_prob,txt_prob,time_prob,fused_prob,fused_pred,binary_true,attn_img,attn_txt,attn_time
4473453677193300,0.83021224,0.99609375,0.6676438037217064,0.9923913,1,1.0,0.10423456,0.84244126,0.053324163
4473088991405510,0.9889281,0.99755859375,0.6505621308486794,0.99331856,1,1.0,0.31503516,0.5862871,0.09867773
4464770436670310,0.08631896,0.994140625,0.4805044594000126,0.98641646,1,1.0,0.07505055,0.87002826,0.05492117
4458609423354990,0.9850693,0.99755859375,0.4803883334990366,0.9927031,1,1.0,0.29724637,0.61118937,0.09156422
4471244986193250,0.011076155,0.0262298583984375,0.608666065922865,0.029634329,0,0.0,0.0714855,0.8820969,0.046417665
4465134086990650,0.8014128,0.99755859375,0.4883385290132254,0.99487406,1,1.0,0.09688112,0.8540922,0.049026676
4472737617177550,0.56792134,0.98828125,0.6166290512800865,0.98053384,1,1.0,0.081668414,0.87400705,0.044324517
4458226597127520,0.9343765,0.0090713500976562,0.4734124323315599,0.6461667,1,1.0,0.6150985,0.21592502,0.16897655
4461116585705140,0.668534,0.9873046875,0.4879133004422282,0.97859895,1,1.0,0.09104112,0.8638525,0.04510646
4464018771401670,0.8251291,0.0056076049804687,0.4415168958200122,0.3443432,0,1.0,0.56298137,0.28621417,0.15080443
4470243567027050,0.7265667,0.012054443359375,0.5307103091498797,0.25328904,0,0.0,0.49892473,0.3599678,0.14110748
4470188214357500,0.9967637,0.99658203125,0.5770434465352984,0.9931037,1,1.0,0.5103376,0.35295093,0.13671151
4458053061454110,0.9619823,0.99755859375,0.3476346471651148,0.99319804,1,1.0,0.19963865,0.7290499,0.071311414
4459630082074650,0.98011327,0.99267578125,0.4665876920581757,0.9825331,1,1.0,0.34669223,0.54847515,0.104832634
4466562063234730,0.89738685,0.99462890625,0.4907754470279098,0.9890782,1,1.0,0.13504712,0.80732054,0.057632282
4471293934091470,0.99120694,0.99755859375,0.6023328353446458,0.99304634,1,1.0,0.35636035,0.53782207,0.10581751
4471652894755690,0.9947432,0.99462890625,0.5987949360025752,0.9899116,1,1.0,0.48493448,0.38114876,0.13391677
4470565144058060,0.39781037,0.9970703125,0.571112297186375,0.993757,1,1.0,0.07825284,0.8728166,0.048930548
4456044308320700,0.9614914,0.9970703125,0.4693788730713747,0.9926824,1,1.0,0.1924941,0.7374621,0.070043795
4466942540432240,0.97809976,0.9951171875,0.4949821163762453,0.9875164,1,1.0,0.29483378,0.61170965,0.09345658
4466931216043910,0.8340625,0.96240234375,0.4517458350516522,0.9390675,1,1.0,0.16835104,0.7637435,0.067905486
4471294420589300,0.7120279,0.9970703125,0.6041788970697726,0.99400926,1,1.0,0.0907654,0.85904,0.05019456
4465836548577100,0.94754606,0.90283203125,0.4794995486922529,0.90116686,1,1.0,0.41086397,0.4627922,0.12634386
4467306203524970,0.080827706,0.91455078125,0.5213826548594732,0.87567854,1,1.0,0.06674237,0.8904082,0.042849477
4466567011866730,0.9848962,0.011138916015625,0.5090922547825155,0.8801096,1,0.0,0.65034765,0.1627723,0.18688004
4472367427955700,0.9656023,0.99267578125,0.5785254411589695,0.9840015,1,1.0,0.25010943,0.66359836,0.08629223
4465496349404820,0.9702215,0.9970703125,0.4916957131576743,0.9924206,1,1.0,0.21789107,0.70638305,0.07572584
4473100806136880,0.89682704,0.9970703125,0.6287825528485778,0.99400085,1,1.0,0.11698323,0.8281847,0.054832064
4472380912778910,0.88573223,0.998046875,0.6283114207812996,0.9958407,1,1.0,0.108400725,0.83835894,0.05324029
4470569330094640,0.5956987,0.951171875,0.5870910871355743,0.9321646,1,1.0,0.09073568,0.8654425,0.043821752
4468349855264660,0.8536842,0.9921875,0.5659009495893405,0.98556155,1,1.0,0.1202168,0.8250652,0.054717943
4465797936618710,0.9602267,0.0173797607421875,0.5110582981159459,0.77138746,1,0.0,0.6278693,0.19597691,0.17615375
4465842710481370,0.20689566,0.99072265625,0.5026276340891198,0.98282856,1,1.0,0.06965065,0.8864151,0.043934327
4471440483443560,0.93976265,0.99853515625,0.4910249921641047,0.9965507,1,1.0,0.1310394,0.8135591,0.05540155
4466785237963920,0.66474396,0.984375,0.4078360872207673,0.9737327,1,1.0,0.09419586,0.8605138,0.04529029
4465128445145640,0.99782616,0.99658203125,0.4671723971454093,0.9940137,1,1.0,0.55001634,0.310044,0.13993965
4472736103438160,0.99546224,0.99267578125,0.6111443446802092,0.9892981,1,1.0,0.51674443,0.3415758,0.14167975
4457909842369750,0.96214825,0.99658203125,0.4587192584034714,0.99143726,1,1.0,0.20401128,0.7230876,0.07290114
4470407387836440,0.98482126,0.998046875,0.4814663987829333,0.99402833,1,1.0,0.27757174,0.6354649,0.08696341
4459839876962240,0.8103801,0.998046875,0.3417837606868149,0.9956202,1,1.0,0.099148914,0.8521403,0.04871081
4466564566643670,0.98799324,0.97802734375,0.5004159037909898,0.9729644,1,1.0,0.49079913,0.3736926,0.13550836
4469777521627180,0.99183744,0.998046875,0.5646234725893596,0.993986,1,1.0,0.35439807,0.54191375,0.10368818
4463486325316450,0.83531463,0.12841796875,0.3737376682918485,0.49523252,0,1.0,0.4815588,0.38131472,0.13712645
4472342602265560,0.9436421,0.9970703125,0.6152527125352133,0.9936473,1,1.0,0.14860076,0.7898668,0.06153243
4460612895420650,0.92403114,0.97265625,0.3740111948293367,0.94844866,1,1.0,0.2644395,0.64367,0.091890395
4471600903052630,0.8406967,0.98876953125,0.5931069705816843,0.98027873,1,1.0,0.122126915,0.82228243,0.055590574
4469415657274230,0.31838468,0.9970703125,0.5593403803793362,0.99362564,1,1.0,0.0765668,0.8740403,0.049392965
4471292021782200,0.99793917,0.99560546875,0.5958489688035993,0.9939468,1,1.0,0.5581699,0.29368776,0.14814238
4456748109202100,0.72006094,0.043701171875,0.5031256109937036,0.28989664,0,1.0,0.44302377,0.42650682,0.13046938
4466822739178860,0.8813055,0.99658203125,0.4684321229215223,0.9928531,1,1.0,0.11804025,0.82885075,0.05310902
4469780100654420,0.8559302,0.99755859375,0.5740791789913441,0.99491924,1,1.0,0.10437342,0.8441874,0.05143929
4466573358025050,0.842771,0.98046875,0.4643143430104909,0.96581805,1,1.0,0.14584492,0.79293877,0.061216198
4473088949560620,0.98918855,0.99755859375,0.6505621308486794,0.99330807,1,1.0,0.3185009,0.58208406,0.099415034
4462910439296950,0.45568845,0.0087814331054687,0.4800137845650614,0.087165594,0,0.0,0.39574286,0.47996888,0.1242883
4467664754051960,0.09771729,0.04193115234375,0.5122876125331061,0.054938864,0,0.0,0.11488748,0.8285467,0.05656584
4462836375616690,0.22363159,0.9091796875,0.4355731778492649,0.8787679,1,1.0,0.06561397,0.89925724,0.035128735
4467982695096080,0.8725543,0.9951171875,0.541859329746367,0.99039865,1,1.0,0.118733644,0.8272735,0.053992856
4471651556995650,0.82365847,0.9970703125,0.5932233981970472,0.99405706,1,1.0,0.10064814,0.8482398,0.05111206
4460311681195410,0.7021327,0.66650390625,0.4403680967368891,0.6575788,1,1.0,0.21475804,0.7044128,0.08082909
4462920647830900,0.8622923,0.99755859375,0.4595797878476905,0.9947855,1,1.0,0.10743303,0.8419142,0.050652817
4456246276786100,0.92688215,0.99462890625,0.3847267481380592,0.9877437,1,1.0,0.1700449,0.7638913,0.06606378
4472013215697510,0.63648003,0.99267578125,0.5992487292285366,0.9869501,1,1.0,0.08600608,0.8675476,0.04644634
4457518321263520,0.6287443,0.9873046875,0.4753661484930756,0.97869796,1,1.0,0.086746916,0.8696015,0.04365158
4467613805605090,0.8074236,0.98046875,0.5112034459413702,0.96727866,1,1.0,0.12635157,0.81788594,0.055762436
4469397227347550,0.93490875,0.9951171875,0.5390420096551976,0.98962176,1,1.0,0.16130914,0.77442324,0.06426766
4461641347025850,0.68569916,0.4609375,0.3542062886175046,0.5132023,1,1.0,0.26851842,0.63662523,0.09485636
4465844605691480,0.96695656,0.99658203125,0.4416642853781475,0.9910953,1,1.0,0.22171424,0.7015743,0.076711446
4471801591828170,0.9052963,0.0285491943359375,0.4953530815102441,0.5950915,1,0.0,0.57948416,0.260881,0.15963477
4460418539491050,0.30632403,0.70458984375,0.4583876008274651,0.6664208,1,1.0,0.081281655,0.8799965,0.03872185
4465025424907710,0.97108364,0.96240234375,0.4634445051847732,0.94949037,1,1.0,0.42392778,0.45101032,0.12506182
4460416803783160,0.98718214,0.99755859375,0.4516932215586442,0.9924198,1,1.0,0.32349715,0.58010554,0.096397325
4473455707334000,0.86396486,0.99755859375,0.611263534080786,0.99493563,1,1.0,0.10586292,0.8417175,0.05241963
4464520456138380,0.42507794,0.0210113525390625,0.3526799797513333,0.09371784,0,0.0,0.34124845,0.5460342,0.112717286
4466214103714990,0.7042788,0.998046875,0.4724515725795287,0.99573576,1,1.0,0.08867257,0.8629403,0.048387222
4467613574789030,0.7902568,0.28125,0.5102397392007287,0.51177335,1,0.0,0.3824934,0.49585828,0.12164827
4464312904637610,0.92506754,0.99755859375,0.4602152951198125,0.99448556,1,1.0,0.13409156,0.809425,0.056483436
4457506904398320,0.9732283,0.8310546875,0.5009028724830039,0.91748005,1,1.0,0.5248379,0.3277667,0.14739542
4472381731106900,0.98002636,0.9775390625,0.6310093534146722,0.9681543,1,1.0,0.41428804,0.4595207,0.12619133
4458217713284390,0.8733638,0.99365234375,0.5043302107034731,0.98762727,1,1.0,0.12607409,0.8183562,0.055569664
4471184105854360,0.9914766,0.9970703125,0.5734846415440926,0.9919214,1,1.0,0.38038573,0.50917876,0.11043555
4465841468596200,0.32442215,0.98779296875,0.4978069205141612,0.9793561,1,1.0,0.069645554,0.8901669,0.04018757
4469836166320080,0.57907426,0.98291015625,0.5405500828729201,0.97283685,1,1.0,0.08266343,0.8748915,0.04244499
4472377251227020,0.948899,0.99853515625,0.6147043747961113,0.9966356,1,1.0,0.13449317,0.8079221,0.05758468
4456958054112130,0.9981717,0.99658203125,0.3757664690671963,0.9943317,1,1.0,0.5639032,0.29671004,0.13938679
4461138949937330,0.9952945,0.6044921875,0.4403737129359968,0.9691209,1,0.0,0.635482,0.19747661,0.16704129
4465481471975820,0.9064325,0.9970703125,0.4351769691227791,0.99355435,1,1.0,0.12805739,0.8167321,0.055210523
4466939642022290,0.99558324,0.96923828125,0.4843813768948409,0.98309386,1,1.0,0.5820575,0.266346,0.15159653
4458868262107840,0.9450494,0.048583984375,0.4276418375466864,0.7262785,1,1.0,0.6033477,0.23292047,0.1637318
4458938441267730,0.6764073,0.1617431640625,0.482998551092293,0.33930045,0,1.0,0.33775583,0.5518287,0.11041551
4470567317533420,0.5956987,0.96435546875,0.5795923440542634,0.94848305,1,1.0,0.087985724,0.86873007,0.043284234
4471988745413480,0.9920031,0.9912109375,0.6370937452998768,0.98544747,1,0.0,0.4643925,0.40244198,0.13316548
4470787941962860,0.96471876,0.6982421875,0.5188789127113727,0.88461345,1,1.0,0.53172934,0.3173554,0.15091527
4466162391558120,0.95718753,0.9658203125,0.4675280470066759,0.9461663,1,1.0,0.35792732,0.52943563,0.11263703
4470785035335440,0.9362946,0.0098953247070312,0.5073175650890183,0.66265225,1,0.0,0.6153772,0.21360162,0.17102113
4471495659192570,0.31493205,0.853515625,0.5118979026124242,0.8199946,1,0.0,0.07238767,0.8912837,0.036328644
4462192356973430,0.71522254,0.9931640625,0.4446060151837993,0.9873489,1,1.0,0.09351603,0.85996556,0.046518378
4473103977968830,0.7150806,0.99560546875,0.6404075148690451,0.99155784,1,1.0,0.09190657,0.8579223,0.05017109
4466189453697070,0.99822766,0.99658203125,0.5115665495029061,0.99469346,1,1.0,0.5624096,0.29332393,0.14426647
4460758497050330,0.9604598,0.99560546875,0.4406292530510027,0.98911065,1,1.0,0.21623147,0.707616,0.07615261
4471272844942890,0.8478055,0.9970703125,0.5916693475051974,0.9940473,1,1.0,0.10449221,0.84379923,0.05170849
4467649955829510,0.068024464,0.98046875,0.5243294385108724,0.9623116,1,1.0,0.072921,0.8748083,0.0522707
4466603725341820,0.7814228,0.99267578125,0.4643783663052248,0.98638344,1,1.0,0.103704326,0.84691495,0.049380705
4466543138059100,0.9958295,0.99658203125,0.4821947561403564,0.992093,1,1.0,0.4924519,0.37793115,0.1296169
4456425403253290,0.9870138,0.9912109375,0.4666488198402931,0.9816087,1,1.0,0.42268223,0.4576842,0.119633555
4473101431400500,0.9779008,0.99560546875,0.6314790715033115,0.98957026,1,1.0,0.26577252,0.64489466,0.08933279
4468367878477890,0.99156195,0.99755859375,0.5100097637878116,0.9926293,1,1.0,0.37588716,0.51671463,0.107398205
4468699182105280,0.96566075,0.9970703125,0.5224698001670092,0.9927791,1,1.0,0.19847493,0.7298307,0.07169436
4466936266247750,0.95788205,0.99560546875,0.4718720679592931,0.989474,1,1.0,0.20503397,0.72119975,0.073766306
4464405137391850,0.52711034,0.99755859375,0.4672532112250664,0.9947684,1,1.0,0.08065479,0.872347,0.046998143
4467670646982630,0.09771729,0.98486328125,0.5353705165994055,0.9711176,1,1.0,0.07182248,0.8784394,0.04973804
4464045799229770,0.97543395,0.9931640625,0.4764502056045847,0.9834911,1,1.0,0.30782968,0.5951502,0.09702019
4464043840453320,0.7444629,0.99609375,0.4687603107179451,0.9922667,1,1.0,0.09333343,0.8591203,0.04754626
4471492861122360,0.9765559,0.98974609375,0.5012944921501095,0.97801596,1,1.0,0.34489572,0.5489096,0.10619474
4470451047205670,0.9114707,0.93017578125,0.5254072237843962,0.9056637,1,1.0,0.29186946,0.6066766,0.10145397
4473104002854970,0.9954737,0.9970703125,0.6404075148690451,0.99300826,1,1.0,0.45674068,0.41485223,0.12840712
4467552027853450,0.55571395,0.994140625,0.4709749492480243,0.9891472,1,1.0,0.07997764,0.8764574,0.04356497
4471651070765680,0.9284882,0.99609375,0.5913607997730734,0.99186325,1,1.0,0.14319672,0.7965354,0.06026787
4471920500559710,0.44978538,0.9873046875,0.5915020276248424,0.9790563,1,1.0,0.0749747,0.88298565,0.042039767
4465133830931640,0.80148494,0.9951171875,0.4873749476363392,0.99052876,1,1.0,0.10234378,0.848134,0.04952222
4460648026777040,0.97065073,0.0556640625,0.4219812582996615,0.8263837,1,1.0,0.626285,0.20400663,0.1697084
4464271100674320,0.07728645,0.044097900390625,0.4270350658658404,0.05398766,0,1.0,0.10711136,0.83938676,0.053501893
4466188790450400,0.6703776,0.06365966796875,0.5086752916084899,0.26389077,0,0.0,0.39205292,0.48666665,0.12128042
4461131110556510,0.79385304,0.93359375,0.4791555031945232,0.90416056,1,1.0,0.16613932,0.766461,0.067399666
4471283872153600,0.22378707,0.458984375,0.5648650722987125,0.44131997,0,0.0,0.082083985,0.8774366,0.04047947
4470472567405760,0.598273,0.908203125,0.5641666423883324,0.8815117,1,0.0,0.10085729,0.8528838,0.046258904
4470907857040170,0.76971984,0.9951171875,0.5730442482789851,0.99072367,1,1.0,0.09686651,0.85375655,0.04937697
4456072930597380,0.60213155,0.99853515625,0.5093449552094882,0.99657416,1,1.0,0.08564228,0.863751,0.05060672
4469823692148880,0.9213161,0.99560546875,0.5610688567401507,0.990919,1,1.0,0.14214787,0.79809254,0.05975955
4471994521159070,0.85822934,0.95849609375,0.5969375741515477,0.93731713,1,1.0,0.17723402,0.75092334,0.07184264
4467557622816730,0.34897858,0.99755859375,0.4931181731828028,0.9945925,1,1.0,0.07638768,0.87539333,0.048218984
4472739421040880,0.9624408,0.99658203125,0.6229904767679543,0.99224573,1,1.0,0.18776086,0.74129736,0.07094175
4461347108405250,0.0053121094,0.009002685546875,0.3663798524527202,0.0103837075,0,0.0,0.07089826,0.88533664,0.043765128
4460682722578830,0.8438109,0.998046875,0.4284573769460355,0.9957202,1,1.0,0.10200813,0.8485286,0.049463235
4456037379291120,0.9987343,0.9912109375,0.5070320817350796,0.99437684,1,1.0,0.60675305,0.23771042,0.15553656
4472252043482120,0.4392408,0.1815185546875,0.5685451479274699,0.2430029,0,1.0,0.18754104,0.73773533,0.07472363
4465491567571240,0.9975063,0.9599609375,0.473401226530431,0.9876724,1,1.0,0.6130319,0.22894317,0.15802494
4461129365538350,0.98669475,0.99755859375,0.4724223780973521,0.99256104,1,1.0,0.3150138,0.59000367,0.09498248
4468909820104640,0.8162286,0.97216796875,0.4066394657476603,0.9525866,1,1.0,0.14952497,0.788231,0.06224402
4463683196990900,0.92884135,0.9970703125,0.4734903363178653,0.9934469,1,1.0,0.14156899,0.7999674,0.058463547
4462946450974480,0.98829705,0.9892578125,0.424778358883934,0.97976536,1,1.0,0.45476484,0.4201907,0.12504444
4457819576740990,0.9246609,0.06085205078125,0.4862524729362356,0.6766064,1,1.0,0.5805587,0.25896427,0.16047697
4471983460855350,0.6446018,0.99755859375,0.6181689648245263,0.9947956,1,1.0,0.0879437,0.86083984,0.051216464
4466580031155430,0.7573183,0.56396484375,0.4902868465190046,0.6159941,1,1.0,0.2774115,0.6245779,0.0980107
4471654887753310,0.97296655,0.9208984375,0.606183893520659,0.9371191,1,0.0,0.4696878,0.3903611,0.13995107
4470139405432000,0.38769245,0.11407470703125,0.5702012389821939,0.1737329,0,1.0,0.19417427,0.72817874,0.077646956
4471234354426220,0.9203568,0.99560546875,0.5694803417348584,0.99096245,1,1.0,0.14091751,0.79951614,0.05956637
4470422110020040,0.9247557,0.994140625,0.4971565868721868,0.98768824,1,1.0,0.160034,0.7760377,0.0639283
4456395363948390,0.610669,0.99755859375,0.4855011012071833,0.9948102,1,1.0,0.084135175,0.8682841,0.047580753
4457487115371740,0.66929597,0.99658203125,0.4894248235438847,0.993141,1,1.0,0.086929314,0.8662116,0.04685907
4466942880188350,0.9779555,0.0133285522460937,0.4969102879643703,0.844653,1,0.0,0.64406025,0.17354603,0.18239376
4457667457843170,0.91083694,0.99365234375,0.3631429485330787,0.9859147,1,1.0,0.16217303,0.77331644,0.06451054
4470887195211610,0.14870356,0.08734130859375,0.5589234896804299,0.105295524,0,1.0,0.11203252,0.8340053,0.05396212
4468393186494780,0.88807875,0.9736328125,0.538371241206279,0.9555303,1,1.0,0.18716985,0.7394163,0.07341382
4459695869622600,0.8611924,0.37646484375,0.470185969569395,0.6371063,1,1.0,0.43616334,0.43083647,0.13300021
4465742055644600,0.9073243,0.99560546875,0.4389221676813953,0.99057746,1,1.0,0.13924052,0.80247873,0.058280714
4473080842194400,0.9947547,0.99462890625,0.6220126695404798,0.9900213,1,1.0,0.48263764,0.3828023,0.13456006
4456730899085400,0.9981717,0.9970703125,0.4928849592016704,0.99484444,1,1.0,0.55503666,0.3033309,0.14163238
4472631300697620,0.46920824,0.9951171875,0.6011226430085319,0.9906256,1,1.0,0.07860845,0.87469995,0.046691574
4465407513595940,0.026072705,0.94140625,0.4513463829272172,0.8948546,1,1.0,0.073586375,0.8710019,0.05541176
4470919965362030,0.97328997,0.994140625,0.5507312344936708,0.98622084,1,1.0,0.27241954,0.63750684,0.09007354
4473362070094560,0.94676805,0.6298828125,0.6411449502820759,0.8458037,1,0.0,0.49559784,0.35351786,0.15088432
4460367402919510,0.9930269,0.7744140625,0.4563535814518474,0.96407837,1,1.0,0.6128775,0.22614816,0.1609744
4460043276014600,0.9214702,0.96728515625,0.4794943354030896,0.94445395,1,1.0,0.25718135,0.6518372,0.09098142
4466530413050520,0.99642974,0.99658203125,0.4940218954761892,0.9925828,1,1.0,0.50714594,0.36009952,0.13275447
4467650518431090,0.9721264,0.9970703125,0.5272141969904318,0.99251103,1,1.0,0.22125779,0.7019965,0.07674575
4466840309159450,0.6473836,0.9951171875,0.4941287262122149,0.99070686,1,1.0,0.08574656,0.868534,0.04571951
4467206656565770,0.9964657,0.0228729248046875,0.4873269521562468,0.9591363,1,0.0,0.66055846,0.14948016,0.18996142
4458024959595010,0.5820495,0.98876953125,0.3423721187731198,0.9803852,1,1.0,0.08416479,0.8735067,0.042328518
4466166103524640,0.6703776,0.0092697143554687,0.4819523781927471,0.19294189,0,0.0,0.4850049,0.37789467,0.13710044
4462592401272430,0.9405876,0.99365234375,0.4561183672328707,0.98588216,1,1.0,0.1900443,0.73886424,0.07109143
4462928822982700,0.74245566,0.99609375,0.490345401792768,0.99229574,1,1.0,0.09298387,0.8593044,0.047711696
4467646462421680,0.84489983,0.99267578125,0.5118125141491287,0.98621154,1,1.0,0.11788597,0.82857907,0.053534966
4468389357767420,0.8691907,0.030853271484375,0.5239662014180193,0.5104102,1,1.0,0.5513352,0.2950875,0.1535773
4466943291067670,0.47672454,0.99755859375,0.4978744118071627,0.9947267,1,1.0,0.079551056,0.8727525,0.047696516
4459319992845370,0.9848916,0.9970703125,0.4891355883939307,0.9915439,1,1.0,0.30877006,0.59669137,0.09453856
4469114363785320,0.22797643,0.97900390625,0.5369077059886412,0.9661046,1,1.0,0.067702435,0.8918298,0.040467877
4470490095319750,0.90109766,0.99658203125,0.5833380860227295,0.9930114,1,1.0,0.12234143,0.8224395,0.05521907
4470205335535100,0.88920873,0.982421875,0.5737391065219504,0.96928644,1,0.0,0.16510886,0.7675084,0.06738276
4458599428221980,0.86586815,0.0640869140625,0.4420735208266366,0.52236027,1,0.0,0.53029954,0.3226982,0.14700226
4460054763789370,0.97290266,0.9736328125,0.4550122860685948,0.95853263,1,1.0,0.40683174,0.4725675,0.120600775
4464044696620090,0.9837991,0.998046875,0.4716424802052676,0.9940528,1,1.0,0.27011895,0.64450246,0.085378595
4472376164805090,0.29719567,0.0221405029296875,0.6110443362297383,0.06463028,0,1.0,0.24331455,0.6615243,0.095161155
4465851723417260,0.93624955,0.98974609375,0.4684356506070893,0.9785444,1,1.0,0.20773125,0.7159141,0.076354586
4470896934933620,0.12970972,0.32421875,0.5956088838786674,0.3147829,0,1.0,0.075374454,0.88475865,0.039866913
4470781901740730,0.93488467,0.982421875,0.4957483856840062,0.9664247,1,1.0,0.236584,0.67876804,0.08464795
4465492858945580,0.52665955,0.51953125,0.4782106534841897,0.5180448,1,0.0,0.15422519,0.783125,0.06264971
4471851889859220,0.17721872,0.94287109375,0.5395933319856192,0.9180627,1,1.0,0.06574007,0.89567024,0.03858974
4461867487962150,0.6370132,0.99267578125,0.4542388017334175,0.9867555,1,1.0,0.085756995,0.86994344,0.04429962
4470205458083340,0.63260484,0.998046875,0.5737391065219504,0.9956737,1,1.0,0.08705188,0.8620897,0.05085839
4467439284268420,0.98971504,0.9970703125,0.411852612049359,0.990965,1,1.0,0.3756825,0.5179862,0.10633128
4473464210002260,0.88590777,0.99755859375,0.6419300500963377,0.9949334,1,1.0,0.11094541,0.8350783,0.05397632
4462786593330990,0.32279855,0.96240234375,0.3719924852763875,0.94457734,1,1.0,0.06830041,0.8959413,0.035758216
4457161276829540,0.99321955,0.99658203125,0.4997338447229835,0.99098337,1,1.0,0.43386275,0.44687206,0.11926513
4469848920544640,0.4536191,0.09619140625,0.5501596870362726,0.17759371,0,1.0,0.2384775,0.6723773,0.08914516
4458409451669450,0.9714343,0.99853515625,0.3684900977246327,0.99565613,1,1.0,0.19884957,0.7312459,0.069904484
4467278177063440,0.7518773,0.0073738098144531,0.5478597414570205,0.26978734,0,0.0,0.5253872,0.32767263,0.14694014
4459484573119820,0.9835253,0.9970703125,0.3681127353939822,0.9908003,1,1.0,0.31446522,0.5908416,0.094693094
4471291958592380,0.1402261,0.9970703125,0.5949199068537258,0.99272925,1,1.0,0.078523435,0.86397177,0.05750474
4459321406267930,0.8802626,0.008270263671875,0.4265114676151155,0.46809575,0,0.0,0.58356375,0.26023802,0.1561982
4467653927961500,0.5145963,0.998046875,0.5396913831372797,0.9956019,1,1.0,0.08251835,0.8673932,0.05008838
4468362819685930,0.8795207,0.99658203125,0.5551905457687775,0.99305576,1,1.0,0.11463164,0.83224463,0.053123813
4472330941889530,0.9465124,0.99365234375,0.6299984880278066,0.98700804,1,1.0,0.18361056,0.7450155,0.07137396
4468021349602860,0.5986638,0.046600341796875,0.495799034377348,0.19761007,0,0.0,0.37024185,0.5126483,0.11710988
4457780297347000,0.97886103,0.98974609375,0.4774537466673982,0.9779483,1,1.0,0.3639456,0.5265283,0.10952608
4463307455368770,0.20898312,0.99169921875,0.4213613627608369,0.98446554,1,1.0,0.06834318,0.8892725,0.042384356
4467642469203490,0.97370934,0.998046875,0.4963883695335391,0.9947238,1,1.0,0.20725667,0.72024566,0.07249766
4464029596326650,0.19106516,0.99365234375,0.4827133389727737,0.9873482,1,1.0,0.07085535,0.8831165,0.046028156
4458042446087990,0.82820046,0.0169830322265625,0.3553475880696551,0.37530553,0,1.0,0.5414033,0.3141862,0.14441055
4467141531612050,0.9412582,0.96044921875,0.4481413659941738,0.9367755,1,1.0,0.32291523,0.5711953,0.10588945
4471180821926090,0.011076155,0.826171875,0.5611786595675863,0.7308082,1,1.0,0.078630656,0.85719323,0.06417612
4471291509878120,0.16570753,0.99755859375,0.5939901644554377,0.9938905,1,1.0,0.078705505,0.86439073,0.056903794
4466169996236790,0.6703776,0.0092697143554687,0.4973709642610198,0.19431879,0,0.0,0.48468694,0.37776864,0.13754441
4470168543466540,0.9967637,0.97412109375,0.5657985719948305,0.987151,1,1.0,0.590975,0.2518116,0.15721348
4472182598464280,0.93558794,0.9970703125,0.5229246523012036,0.99351406,1,1.0,0.1448268,0.79565704,0.059516165
4464770269219060,0.5386371,0.66162109375,0.4805044594000126,0.63635665,1,0.0,0.13383234,0.8101554,0.056012224
4468331429939660,0.9758689,0.99267578125,0.5500919029207494,0.98337203,1,1.0,0.30520195,0.5970523,0.09774576
4465855612272190,0.6059104,0.994140625,0.4828625906553216,0.9891431,1,1.0,0.08303948,0.872518,0.044442516
4471291761476530,0.55586076,0.998046875,0.5949199068537258,0.99560213,1,1.0,0.08505209,0.8632054,0.05174253
4461022071232120,0.92799366,0.9970703125,0.4256225677989536,0.9932783,1,1.0,0.14435875,0.79663914,0.05900214
4469087423790920,0.8768828,0.99755859375,0.5670365116281144,0.99489343,1,1.0,0.108989105,0.8388995,0.052111432
4469110861252030,0.4864084,0.9404296875,0.5244215561561467,0.91897017,1,1.0,0.08030575,0.8803174,0.039376866
4468391060295880,0.99040926,0.99609375,0.5297343565012873,0.9897949,1,1.0,0.3931155,0.49414364,0.11274085
4471820214796540,0.7400312,0.046722412109375,0.5134878225216987,0.31535444,0,0.0,0.45151466,0.41605633,0.13242905
4472341986237510,0.9785019,0.99462890625,0.6134252522333873,0.98748904,1,1.0,0.2877795,0.6178979,0.09432258
4471123620110130,0.85657233,0.99609375,0.509144868870935,0.99215066,1,1.0,0.11097241,0.8372155,0.051812097
4465850793093500,0.93624955,0.5634765625,0.4645963641773944,0.8052529,1,1.0,0.5024891,0.3522391,0.1452718
4472583863331010,0.29121292,0.9873046875,0.543988746949939,0.97843593,1,1.0,0.06975758,0.8888139,0.041428436
4462877475535020,0.87398064,0.8291015625,0.4599538557156885,0.81823575,1,1.0,0.31734034,0.57446665,0.10819305
4468503476578690,0.8919149,0.9794921875,0.4049592749141831,0.961297,1,1.0,0.19315897,0.73280793,0.07403307
4470566562504640,0.9919537,0.99755859375,0.576770620029054,0.99294394,1,1.0,0.37319675,0.51831,0.108493246
4469829375089410,0.9912873,0.99755859375,0.5827816590433231,0.99295866,1,1.0,0.36067602,0.5331836,0.106140375
4469082050649460,0.88429236,0.9970703125,0.5470557490180726,0.9939354,1,1.0,0.11396735,0.83319336,0.052839298
4471972891483650,0.97502524,0.97412109375,0.6364465218644092,0.9632593,1,1.0,0.39246365,0.48498943,0.12254697
4468718605928960,0.6934554,0.273193359375,0.5366169454979364,0.4200538,0,0.0,0.3007895,0.59605664,0.10315377
4470540570300090,0.82560015,0.9951171875,0.5468804447289137,0.99059886,1,1.0,0.10581821,0.84319186,0.050989885
4470174280901740,0.95562816,0.98291015625,0.5874494418452909,0.968573,1,1.0,0.27705672,0.6278442,0.09509907
4471267007121730,0.4863641,0.99169921875,0.5691323986474452,0.9854423,1,1.0,0.07701746,0.87957937,0.04340322
4468004076854880,0.49850842,0.9794921875,0.4991801631940485,0.96814764,1,1.0,0.0768983,0.88325375,0.03984801
4463679950927640,0.94855547,0.0120773315429687,0.4610108153863407,0.7065844,1,0.0,0.622498,0.20630516,0.17119685
4473468290707600,0.20957209,0.83251953125,0.6559858902779481,0.79684323,1,1.0,0.06832063,0.8934222,0.038257215
4468030740310640,0.9839715,0.9970703125,0.5323912221955515,0.9918507,1,1.0,0.2938193,0.6140672,0.092113525
4466575383841930,0.99170154,0.99169921875,0.4719961042244481,0.9845366,1,1.0,0.47368836,0.39771473,0.12859684
4459276774429000,0.96127486,0.9951171875,0.4482165175544816,0.9880229,1,1.0,0.22431454,0.6974669,0.07821856
4466207254379110,0.9798037,0.99462890625,0.4465960633118153,0.9859947,1,1.0,0.32169166,0.5796608,0.098647565
4463321740404350,0.7137818,0.99462890625,0.4756789402751916,0.9898335,1,1.0,0.091612324,0.8617069,0.046680856
4460336314737550,0.9787552,0.8583984375,0.4440554079577278,0.9305739,1,1.0,0.53799707,0.31515145,0.14685152
4463294691400250,0.9978536,0.99755859375,0.4407545732861764,0.9946919,1,1.0,0.53744,0.32675427,0.13580567
4470890756323220,0.8817039,0.98486328125,0.572188709678056,0.973279,1,1.0,0.15309426,0.78294885,0.063956864
4462587582246690,0.81680584,0.98486328125,0.4370578477926062,0.97299564,1,1.0,0.12805697,0.81600076,0.05594225
4467267524121080,0.7883062,0.99462890625,0.507511836824469,0.9897726,1,1.0,0.100686826,0.8500789,0.049234323
4472720999505210,0.90966415,0.994140625,0.6216370979644514,0.9885965,1,1.0,0.13894244,0.8008805,0.06017711
4465465260604000,0.9873268,0.99853515625,0.5057717511974194,0.9953323,1,1.0,0.27712044,0.63658416,0.08629544
4456425533685480,0.9144774,0.9951171875,0.4676088027888996,0.98964465,1,1.0,0.14587533,0.79403263,0.060092013
4472655346592760,0.84700143,0.99853515625,0.6019326103805106,0.99675614,1,1.0,0.09966226,0.8484503,0.05188742
4470118316820910,0.96843004,0.98876953125,0.5404383258764228,0.9767145,1,1.0,0.3012849,0.6005143,0.09820079
4466195984174180,0.7665939,0.010711669921875,0.4719776660991426,0.28697142,0,0.0,0.521975,0.3347095,0.14331557
4471992583942390,0.68372756,0.9677734375,0.5904255559793841,0.9522785,1,1.0,0.10022394,0.85201764,0.047758397
4467449875527300,0.9602294,0.99609375,0.3951401965355628,0.989899,1,1.0,0.21460485,0.70991004,0.07548506
4473331975271550,0.99117064,0.9970703125,0.6110719471558502,0.9920895,1,1.0,0.369623,0.5209815,0.10939553
4467154659050080,0.5608205,0.99609375,0.4554779155086135,0.9922903,1,1.0,0.08067021,0.87449664,0.044833113
4465785059724910,0.99264467,0.99609375,0.4619620708633993,0.98987925,1,1.0,0.4374163,0.4431663,0.11941739
4458568650246540,0.9978489,0.99755859375,0.4579174035388542,0.9947208,1,1.0,0.5365453,0.3272211,0.13623369
4457445395152960,0.48337117,0.9765625,0.4955847688904785,0.9642019,1,0.0,0.076119415,0.8845654,0.039315216
4468966254865310,0.823822,0.008758544921875,0.4844420663871278,0.36492306,0,1.0,0.55365527,0.29577044,0.15057425
4471541947627050,0.9301799,0.99560546875,0.5651405288932262,0.99079764,1,1.0,0.15014064,0.78814244,0.061716944
4471959133718150,0.9764311,0.97412109375,0.5870340086103103,0.9630739,1,1.0,0.40819004,0.46788463,0.123925336
4470909769700490,0.76971984,0.99560546875,0.5805752677492819,0.9915432,1,1.0,0.09630254,0.85413355,0.04956386
4468389160550200,0.7635163,0.9912109375,0.5230041784767849,0.9843178,1,1.0,0.101056285,0.8499709,0.04897284
4463680240929680,0.82301944,0.99658203125,0.4619692460415412,0.99302965,1,1.0,0.10307499,0.84722453,0.049700566
4467280019163150,0.97831476,0.9970703125,0.4900688246298932,0.99195415,1,1.0,0.25790042,0.65789455,0.08420504
4473425936921160,0.9245919,0.9921875,0.6299667968920523,0.98493505,1,1.0,0.16165957,0.77200145,0.06633904
4471656829433450,0.15137658,0.986328125,0.6126097529059348,0.9749703,1,1.0,0.072000705,0.8798037,0.048195645
4462959033977320,0.9830908,0.998046875,0.4724385086519161,0.9941043,1,1.0,0.26425213,0.6515471,0.08420075
4465761613028720,0.99264467,0.9970703125,0.4700316795178741,0.99154764,1,1.0,0.41486308,0.4706208,0.11451611
4469478735373260,0.51574767,0.9833984375,0.5514812076237546,0.9736336,1,1.0,0.077845715,0.88092744,0.04122678
4456721861076980,0.9981717,0.9970703125,0.509021498316632,0.9948731,1,1.0,0.5544114,0.3033986,0.14218993
4469105861805620,0.9764767,0.99755859375,0.5051578141474534,0.99337137,1,1.0,0.23278522,0.6886605,0.078554325
4468750138979320,0.6484632,0.998046875,0.523552267796509,0.995701,1,1.0,0.08670082,0.86385703,0.049442124
4467301250305190,0.9688505,0.998046875,0.5030768087715675,0.9949351,1,1.0,0.18901764,0.7423839,0.06859845
4463639584930150,0.7151611,0.6982421875,0.4405812496474707,0.68335944,1,1.0,0.21475329,0.7043179,0.0809288
4455975798695710,0.9572096,0.998046875,0.4849206542103066,0.99519074,1,1.0,0.16272646,0.7745625,0.062710986
4468348584586720,0.26268834,0.9892578125,0.5611580624621861,0.98105294,1,1.0,0.07041121,0.8864086,0.04318015
4457520590017640,0.9758932,0.0090179443359375,0.4840289764471336,0.82622486,1,0.0,0.64446497,0.17327918,0.18225583
4461371107942240,0.0053121094,0.009002685546875,0.415253284546195,0.010508064,0,0.0,0.070810884,0.8847378,0.044451214
4456223661190860,0.99381495,0.99658203125,0.3993974793422243,0.9907046,1,1.0,0.4554616,0.4237155,0.12082295
4471262644979450,0.959024,0.998046875,0.6157394397720027,0.99546355,1,1.0,0.15677063,0.7804508,0.06277848
4458953427274550,0.95954233,0.9970703125,0.4761708303133067,0.99278694,1,1.0,0.18680996,0.7443851,0.068804935
4462934048749620,0.13915567,0.0282745361328125,0.4461132081214531,0.046345003,0,0.0,0.15967523,0.7683183,0.07200651
4467662409226930,0.33068007,0.09613037109375,0.5036126709353825,0.14398608,0,1.0,0.18703234,0.73708296,0.07588466
4472266588425110,0.8136961,0.088134765625,0.5823899522652703,0.4564891,0,1.0,0.46953437,0.39079046,0.13967521
4469127084832800,0.8684876,0.85302734375,0.5468575809590491,0.8370913,1,0.0,0.28315902,0.6160113,0.10082967
4457882773159800,0.62141985,0.83251953125,0.47926798213778,0.7972124,1,1.0,0.12866345,0.8167479,0.05458863
4468702654922410,0.3417515,0.9970703125,0.5359210583207956,0.9936945,1,1.0,0.07632012,0.87532455,0.04835533
4466206897931820,0.7107408,0.9970703125,0.4446905548395259,0.99396163,1,1.0,0.08950853,0.86340225,0.04708931
4471947784332720,0.9438068,0.98828125,0.5976295866500249,0.9773183,1,1.0,0.2160009,0.704039,0.07996009
4461828484383500,0.6370132,0.931640625,0.4386100845130242,0.904528,1,1.0,0.109441325,0.8418485,0.04871016
4467663843193940,0.6161944,0.0282135009765625,0.5093965295458526,0.18846723,0,0.0,0.40736747,0.4683174,0.12431512
4471975999167490,0.97502524,0.97412109375,0.591445009196786,0.96246254,1,1.0,0.3991639,0.47852275,0.122313395
4459605650378940,0.8775389,0.9970703125,0.4708216952636721,0.99381846,1,1.0,0.113945775,0.83391786,0.05213638
4472978349868790,0.98505914,0.9970703125,0.5943708173591432,0.99213046,1,1.0,0.29481518,0.6117214,0.09346334
4459663603219830,0.91828734,0.99609375,0.4803810937738423,0.99160224,1,1.0,0.14095633,0.8003492,0.05869448
4466489811487300,0.7946282,0.99755859375,0.4909245671246209,0.9948768,1,1.0,0.09610629,0.8549487,0.04894505
4469481969417880,0.99941397,0.9951171875,0.5638477776368854,0.99703836,1,1.0,0.6214521,0.21683612,0.16171175
4464272082147910,0.2760236,0.9736328125,0.4308137172355956,0.95935863,1,1.0,0.066462375,0.8966263,0.03691127
4468757726431820,0.97266674,0.99755859375,0.552302194358345,0.9937688,1,1.0,0.20950827,0.7164857,0.074006066
4460402743903580,0.86881375,0.9892578125,0.4675031283985475,0.97970414,1,1.0,0.14036469,0.80021864,0.059416674
4470566067135490,0.9203568,0.99609375,0.5748866725839008,0.9919133,1,1.0,0.13723841,0.80412406,0.058637418
4460706243957440,0.9923734,0.99658203125,0.4716976157069806,0.9906392,1,1.0,0.4216297,0.46205822,0.11631204
4472351233955670,0.8810326,0.90966796875,0.6466685772405717,0.88851947,1,1.0,0.24617568,0.6610346,0.09278977
4469438755905990,0.9856936,0.99560546875,0.5329125809925157,0.9886369,1,1.0,0.343729,0.55272603,0.10354495
4460769791698620,0.8406625,0.99267578125,0.4837403366824188,0.9861059,1,1.0,0.117662534,0.8290682,0.053269353
4470871785777820,0.14870356,0.97802734375,0.6137240481091921,0.962763,1,1.0,0.070376,0.88362247,0.04600153
4457518229160060,0.5170658,0.15234375,0.4753661484930756,0.24473959,0,1.0,0.24849662,0.66125643,0.0902469
4472317121824700,0.99019897,0.98779296875,0.6321337208501391,0.9816799,1,1.0,0.4628838,0.4034399,0.13367635
4467670429087540,0.82120633,0.99658203125,0.5344110614351797,0.99314404,1,1.0,0.10162882,0.848224,0.05014713
4468394448973800,0.1354192,0.98828125,0.5431599100784102,0.9777598,1,1.0,0.071196474,0.88100904,0.047794465
4461804283968210,0.95669097,0.998046875,0.4611815793187855,0.9951297,1,1.0,0.16387112,0.7732545,0.06287439
4464046512590200,0.8460577,0.99658203125,0.4793369945228476,0.99301344,1,1.0,0.10733807,0.8419042,0.050757825
4464759925680610,0.37411103,0.99365234375,0.4402866023859703,0.988252,1,1.0,0.07196282,0.8864068,0.04163042
4463683604811210,0.068024464,0.95556640625,0.4754136002246728,0.9263404,1,0.0,0.068592176,0.8851381,0.046269704
4464740405701750,0.78121305,0.99755859375,0.499392380905433,0.994882,1,1.0,0.094711415,0.8564217,0.048866827
4461101154179590,0.9819401,0.99169921875,0.4891413853885397,0.9813539,1,1.0,0.3682838,0.52193755,0.10977871
4470924818529990,0.91739637,0.99755859375,0.5697319612020548,0.99477345,1,1.0,0.12415413,0.8206523,0.05519357
4467824749932040,0.75995564,0.99755859375,0.3957931959424376,0.9947891,1,1.0,0.09346192,0.8588816,0.047656476
4471581260127680,0.90849996,0.135498046875,0.6226199166674669,0.67954457,1,1.0,0.53803325,0.30360553,0.15836121
4470194862315600,0.044938415,0.98583984375,0.5337351516519044,0.96865785,1,1.0,0.07751794,0.862532,0.05994992
4472002997912300,0.9781927,0.99755859375,0.6280465413747236,0.9938024,1,1.0,0.22696185,0.6939812,0.079056896
4466215571411280,0.9844827,0.99609375,0.4782223348979226,0.9892509,1,1.0,0.32992548,0.57054704,0.09952755
4468751170447690,0.18697569,0.99658203125,0.5273988382447903,0.992274,1,1.0,0.07483721,0.8739259,0.05123678
4471632133695190,0.48114315,0.9775390625,0.5881014542154871,0.9658194,1,1.0,0.07617138,0.8832157,0.04061287
4472010921397060,0.25509334,0.55322265625,0.5908853031812161,0.52902716,1,0.0,0.080599606,0.87953573,0.039864685
4465493165802180,0.81340915,0.99462890625,0.4791730525099306,0.98962307,1,1.0,0.10588481,0.84385014,0.050265003
4465492938902860,0.55276453,0.99658203125,0.4782106534841897,0.9931075,1,1.0,0.080796815,0.87348425,0.045718897
4466579913722790,0.69138074,0.9970703125,0.4893230973019229,0.99398756,1,0.0,0.08822466,0.86429423,0.047481075
4470566579088110,0.08631257,0.65234375,0.576770620029054,0.60357386,1,1.0,0.065754555,0.8953275,0.038917955
4466199578584980,0.7785666,0.92529296875,0.4854504850803083,0.89495164,1,1.0,0.16197658,0.7719098,0.06611372
4466936056705620,0.7923255,0.9921875,0.4709110742995572,0.98554385,1,1.0,0.10651352,0.843339,0.05014749
4465649986198070,0.9969828,0.99658203125,0.3512305470961221,0.9926731,1,1.0,0.5291974,0.33840284,0.13239972
4457495520992470,0.6317389,0.9970703125,0.4566609850513096,0.9939599,1,1.0,0.08461065,0.8689119,0.046477444
4466881349780350,0.7349786,0.271484375,0.509686857108532,0.45111743,0,1.0,0.33716148,0.55149853,0.11134
4472009310637500,0.6626921,0.998046875,0.5852799992263837,0.99569327,1,1.0,0.08843197,0.86042196,0.05114606
4469374721329010,0.9492802,0.99658203125,0.543948047003045,0.99230266,1,1.0,0.16695274,0.7679994,0.06504791
4471267203571180,0.99120694,0.99755859375,0.5700778639539524,0.9929005,1,1.0,0.36123046,0.5328547,0.10591478
4470567773946740,0.95899737,0.97900390625,0.5814706196908184,0.9634281,1,1.0,0.30683503,0.5909045,0.10226055
4466219308400110,0.8714239,0.99560546875,0.4926713283534341,0.99114203,1,1.0,0.118103355,0.8285282,0.05336845
4469798739972240,0.8748623,0.99609375,0.5896740702715855,0.9922442,1,1.0,0.1145431,0.8318208,0.053636182
4470546039799780,0.55313617,0.99365234375,0.5668628176982201,0.98842853,1,1.0,0.08065375,0.87432885,0.045017354
4463321769931790,0.8195213,0.99658203125,0.4756789402751916,0.9930609,1,1.0,0.10217207,0.8482132,0.049614727
4468730920356820,0.18697569,0.99267578125,0.5192282472680556,0.98566264,1,1.0,0.0711972,0.88232243,0.04648035
4469453989350670,0.90920186,0.99072265625,0.5260972739607472,0.98193526,1,1.0,0.16023284,0.77493745,0.06482972
4456057008702700,0.8769288,0.978515625,0.5175408210348357,0.9627335,1,0.0,0.16843651,0.7636509,0.06791261
4463684351142370,0.9658383,0.99267578125,0.4782998463039114,0.98291737,1,1.0,0.2649969,0.64664954,0.08835358
4470890630549930,0.642788,0.99755859375,0.572188709678056,0.99481493,1,1.0,0.08686429,0.8633791,0.049756616
4464770893938280,0.95374286,0.990234375,0.4824301085463618,0.97884583,1,1.0,0.24359109,0.6718519,0.08455706
4457149004298070,0.67352265,0.982421875,0.4526329440786887,0.9711672,1,1.0,0.09517758,0.8591656,0.04565686
4469833120497890,0.8964446,0.99365234375,0.5290368245647254,0.98747987,1,1.0,0.13696827,0.8045013,0.058530442
4461099653400600,0.9917252,0.9970703125,0.4833609219191279,0.9914929,1,1.0,0.3970027,0.4915302,0.11146706
4466197032105510,0.7290766,0.89453125,0.4758237402828995,0.860809,1,1.0,0.15270256,0.7843951,0.06290241
4459683412405220,0.99192923,0.99755859375,0.4225710427787703,0.9922271,1,1.0,0.39375913,0.49708667,0.109154224
4473438447749850,0.19284657,0.99609375,0.6736860943234652,0.99122226,1,1.0,0.07843263,0.86599815,0.055569265
4465843880408920,0.9833815,0.25537109375,0.4388131630885357,0.906195,1,0.0,0.6214471,0.21190682,0.16664608
4467653793986060,0.99576473,0.97900390625,0.5396913831372797,0.98535556,1,1.0,0.5709787,0.27778476,0.15123656
4467247274117930,0.7649589,0.9892578125,0.544659842024459,0.98134804,1,1.0,0.103064746,0.8473724,0.049562875
4472279138218760,0.9654067,0.99755859375,0.5866485459174366,0.9941577,1,1.0,0.18211977,0.74950325,0.06837702
4468029096245080,0.42719334,0.97216796875,0.5256650206587509,0.9585189,1,1.0,0.07291847,0.8886255,0.03845604
4463369690044830,0.81363595,0.8212890625,0.3874231641774305,0.7901693,1,1.0,0.25983712,0.6464633,0.09369965
4469482502518380,0.9856936,0.99609375,0.5657436921160625,0.98983485,1,1.0,0.32899016,0.57015836,0.1008515
4466926849989940,0.6507588,0.98779296875,0.5041479818751361,0.9794574,1,1.0,0.088551365,0.86688966,0.04455895
4471878343202950,0.33244473,0.97314453125,0.557701560598766,0.9594313,1,1.0,0.06927541,0.89209694,0.038627595
4456651731889850,0.23130919,0.09368896484375,0.4142350414230398,0.12188467,0,1.0,0.15515478,0.7778004,0.067044936
4470910444247270,0.9926467,0.99755859375,0.5824523156057188,0.9930005,1,1.0,0.3853811,0.50351924,0.11109972
4459966108449470,0.9835697,0.99755859375,0.4623487010085569,0.9927013,1,1.0,0.286383,0.6243912,0.089225754
4462959382756190,0.9830908,0.998046875,0.4743613493970959,0.99411315,1,1.0,0.2639747,0.6518657,0.08415961
4468379534792020,0.9000483,0.9560546875,0.5551014655581059,0.93266386,1,1.0,0.23229763,0.68143195,0.08627037
4462895700211180,0.9489942,0.994140625,0.4794151025408038,0.98676443,1,1.0,0.19935215,0.7274778,0.07317014
4463298550229120,0.85838836,0.98046875,0.4560153391591045,0.96522784,1,1.0,0.15615512,0.7797392,0.06410569
4462905749286030,0.32279855,0.9638671875,0.4627177493095545,0.9470782,1,1.0,0.068074346,0.8954558,0.036469933
4459334698144430,0.94341147,0.990234375,0.4770913481925444,0.9792554,1,1.0,0.2181083,0.70317805,0.078713685
4458016251946190,0.89062256,0.79345703125,0.3652975279286848,0.80193734,1,0.0,0.37243876,0.5078621,0.119699135
4469464374785210,0.54865944,0.9951171875,0.5652764780426333,0.99071306,1,1.0,0.080960505,0.87301034,0.046029117
4472356959231260,0.8458587,0.99658203125,0.6059977497662545,0.9931907,1,1.0,0.10555427,0.8423375,0.052108224
4471290704853190,0.9800883,0.0076217651367187,0.5902645141409905,0.8582877,1,0.0,0.64608103,0.1615177,0.19240126
4467670210797600,0.8495003,0.021514892578125,0.5334513515793597,0.454774,0,0.0,0.5469176,0.3008299,0.15225244
4459318537285080,0.9979371,0.9970703125,0.4833551286127505,0.9945088,1,1.0,0.5467489,0.31366223,0.13958886
4470495615274710,0.1688055,0.99658203125,0.5542721816354572,0.9921067,1,1.0,0.07588395,0.8710064,0.05310962
4457089046922700,0.9981717,0.9970703125,0.472046528437578,0.9948066,1,1.0,0.555776,0.3032876,0.14093645
4468394709323690,0.9004243,0.99658203125,0.5441167160057009,0.99293375,1,1.0,0.1232339,0.8218563,0.0549098
4473072386140130,0.9725146,0.11956787109375,0.6515202465642262,0.869776,1,0.0,0.61516184,0.20426443,0.1805738
4457786664179160,0.39574006,0.029083251953125,0.4578190716798628,0.096072726,0,0.0,0.29743588,0.5980717,0.10449243
4465850771696030,0.068024464,0.0168914794921875,0.4645963641773944,0.02578748,0,0.0,0.12746437,0.8093555,0.06318015
4456068144547340,0.9888421,0.99755859375,0.4910281496848676,0.99255836,1,1.0,0.33792314,0.56237215,0.09970476
4473267547453200,0.9950723,0.9970703125,0.5442664369443048,0.99250597,1,1.0,0.45788217,0.4174288,0.12468901
4465785295036130,0.58558244,0.99853515625,0.4629207806257779,0.99657494,1,1.0,0.08430479,0.86618054,0.049514603
4462370694383860,0.9973613,0.994140625,0.3720102029624489,0.9917733,1,1.0,0.56024015,0.30003774,0.13972208
4470343668001460,0.9897239,0.87548828125,0.4282983285809678,0.95804864,1,0.0,0.5804136,0.26726884,0.15231763
4468360399580130,0.9758689,0.99658203125,0.5466033293786997,0.9912685,1,1.0,0.24701867,0.67003095,0.0829503
4462188078673690,0.112393126,0.0160675048828125,0.4880313319642794,0.029860271,0,1.0,0.16172045,0.7638721,0.0744075
4469395336218180,0.7051076,0.998046875,0.5323274375615122,0.9957396,1,1.0,0.0893368,0.86104846,0.049614698
4458245702110330,0.7297609,0.0060844421386718,0.4777340421092742,0.23242408,0,0.0,0.5226153,0.3338062,0.1435785
4471083585384500,0.6493156,0.9921875,0.4493892393837691,0.98595434,1,1.0,0.087100506,0.86839724,0.044502255
4473468764047330,0.97518945,0.99560546875,0.6577244161289181,0.9898633,1,1.0,0.24682641,0.6673748,0.0857988
4468327445640310,0.97068477,0.0221099853515625,0.5357372085112313,0.8238392,1,1.0,0.6342601,0.18553744,0.1802025
4465799571937050,0.9707133,0.96728515625,0.4625583235339653,0.95261234,1,1.0,0.411661,0.46595305,0.1223859
4457871242686390,0.8099661,0.97900390625,0.503848547561349,0.9649406,1,1.0,0.12967874,0.8136341,0.056687195
4471595731042380,0.27627605,0.98876953125,0.6273761059073906,0.9803381,1,1.0,0.07199055,0.88329494,0.04471443
4466212744328160,0.016955353,0.0147705078125,0.4666881625046872,0.018001718,0,0.0,0.08074484,0.87258416,0.04667102
4466945569058080,0.5206156,0.9970703125,0.5065513773377363,0.9939126,1,1.0,0.080406345,0.8726626,0.046931066
4465855381486110,0.93624955,0.81982421875,0.481899637775019,0.8595248,1,1.0,0.4314088,0.43674925,0.13184193
4466570501905500,0.8219129,0.99609375,0.4537802398928953,0.99212486,1,1.0,0.10451693,0.8455727,0.049910396
4472400756550230,0.93443936,0.99755859375,0.5937777465830403,0.9946949,1,1.0,0.13495387,0.80715674,0.057889365
4461505728444560,0.9800223,0.0117568969726562,0.4562000386465542,0.8487051,1,0.0,0.6469288,0.17199187,0.18107934
4462594368513030,0.99105245,0.99072265625,0.4628229712953713,0.98318166,1,1.0,0.47308886,0.39831343,0.12859775
4461829394911500,0.27870727,0.9794921875,0.4424120733292375,0.967363,1,1.0,0.066913225,0.89531547,0.037771277
4473421080013350,0.5594802,0.44580078125,0.6679586067974848,0.4795592,0,1.0,0.16227475,0.77037805,0.067347154
4470569381012060,0.6793457,0.96533203125,0.5870910871355743,0.94912225,1,1.0,0.10043849,0.8518838,0.047677644
4465840050894090,0.016955353,0.0655517578125,0.492986614637259,0.06644256,0,0.0,0.06812531,0.8900239,0.041850787
4470475042044000,0.99590635,0.99462890625,0.5726812661350301,0.99080676,1,1.0,0.51302344,0.34874436,0.13823225
4466204280031090,0.8042932,0.6220703125,0.5037651621544793,0.67380345,1,1.0,0.30373594,0.59109676,0.10516728
4472381248173330,0.75168025,0.99169921875,0.6292116301713263,0.98538464,1,1.0,0.09792602,0.852197,0.04987693
4470552133578870,0.9203568,0.99560546875,0.5903658223507905,0.99103314,1,1.0,0.13989961,0.8004941,0.05960633
4473089977067830,0.93659836,0.99267578125,0.6540608362180546,0.9856593,1,1.0,0.17249283,0.758063,0.06944414
4471279962859620,0.9924185,0.9970703125,0.5505966536269733,0.9918972,1,1.0,0.40035662,0.4859085,0.11373484
4467619236735810,0.995159,0.99658203125,0.5314110585414619,0.9918656,1,1.0,0.47182718,0.40079242,0.12738037
4471273788689330,0.8478055,0.9970703125,0.5944615818398499,0.9940492,1,1.0,0.104487024,0.84375036,0.051762704
4463670932929170,0.9803683,0.99560546875,0.4267529125607649,0.9878883,1,1.0,0.31254056,0.59145445,0.096005
4471290649524650,0.9026383,0.99609375,0.5902645141409905,0.9921089,1,1.0,0.12565945,0.8181832,0.056157395
4464369365092350,0.977498,0.9951171875,0.4639910691934545,0.98727,1,1.0,0.29548964,0.61123675,0.093273565
4461083547110080,0.84152657,0.9951171875,0.4769864762304868,0.9903612,1,1.0,0.11123364,0.83716196,0.051604427
4468390389320450,0.38732868,0.998046875,0.527812444002144,0.99549675,1,1.0,0.07910928,0.8705562,0.050334506
4464769517675040,0.96862864,0.99609375,0.4776170891913632,0.9900954,1,1.0,0.23181106,0.6887969,0.07939201
4471204692081050,0.99793917,0.998046875,0.5620106389140241,0.99544203,1,1.0,0.5233655,0.3393553,0.13727923
4471547123658450,0.9182822,0.998046875,0.5839921787990769,0.9957551,1,1.0,0.119958505,0.8256598,0.05438169
4457485412494000,0.4244513,0.87158203125,0.4826811249030138,0.8396827,1,1.0,0.08193971,0.87911433,0.038945958
4469471341545820,0.8027757,0.98974609375,0.5236861925855238,0.9817693,1,1.0,0.111216545,0.8370688,0.051714677
4469318400499130,0.9942525,0.9853515625,0.4520309994197579,0.9836654,1,1.0,0.5397395,0.31927818,0.1409823
4471892155441630,0.44978538,0.9931640625,0.5687333950866776,0.9875964,1,1.0,0.07610424,0.87983495,0.044060867
4464770700808760,0.7041132,0.99755859375,0.4814672151567676,0.99485177,1,1.0,0.08883177,0.8632464,0.04792185
4466061032649470,0.20595683,0.99072265625,0.4018917189138308,0.9829337,1,1.0,0.06759899,0.8908787,0.04152232
4462394187143550,0.9729846,0.9970703125,0.352242640480965,0.9913413,1,1.0,0.24960689,0.6682662,0.08212688
4456764617699520,0.9981717,0.9970703125,0.5067172668906944,0.994869,1,1.0,0.5545037,0.30338705,0.14210927
4469091803306660,0.7401699,0.9970703125,0.5200981933841782,0.994013,1,1.0,0.09179818,0.8597317,0.048470166
4469277920552520,0.89345056,0.9853515625,0.434104173490322,0.97179306,1,1.0,0.17399634,0.75742674,0.06857693
4472266391503960,0.99019897,0.994140625,0.5823899522652703,0.98716563,1,1.0,0.4152828,0.46478298,0.11993427
4469406287921190,0.82961303,0.99609375,0.5732990946868441,0.99232155,1,1.0,0.10396114,0.84492993,0.05110894
4456047844087880,0.67436004,0.98681640625,0.482845344976397,0.9778226,1,1.0,0.0921216,0.86254084,0.045337617
4460011462076000,0.98992825,0.994140625,0.4827369022432676,0.9863988,1,1.0,0.42417842,0.4569742,0.11884739
4465826801300960,0.030202715,0.0144500732421875,0.5065740580331926,0.019250538,0,0.0,0.094403386,0.85367507,0.051921543
4471654593638280,0.9947432,0.99609375,0.6043410591224081,0.9913653,1,1.0,0.4632428,0.40783408,0.12892315
4456069348293570,0.96520114,0.99658203125,0.4958480338572568,0.9915234,1,1.0,0.20884143,0.71701,0.07414849
4465131830035050,0.9261793,0.99609375,0.4796702746719373,0.99147695,1,1.0,0.14792019,0.7917301,0.06034969
4458824066831430,0.8668958,0.9609375,0.3868267073999332,0.9334556,1,1.0,0.20643598,0.7151189,0.07844515
4457733183492410,0.94692075,0.99609375,0.4215857961146865,0.9906454,1,1.0,0.18080878,0.75126886,0.06792238
4468389668146410,0.88299066,0.99853515625,0.5249280465400283,0.9967428,1,1.0,0.10527043,0.84385437,0.05087512
4468736801332440,0.9012104,0.99755859375,0.5413187510778817,0.99480385,1,1.0,0.1172924,0.8293182,0.053389393
4471987709558120,0.2230099,0.99658203125,0.633519590458365,0.99234563,1,1.0,0.07748705,0.8690777,0.05343529
4460749507963600,0.8588415,0.02197265625,0.4713223324377348,0.46481332,0,0.0,0.55311346,0.29569334,0.15119326
4470889670556540,0.87484354,0.9970703125,0.5684083635805047,0.9939892,1,1.0,0.11074125,0.8367836,0.052475132
4472391431960070,0.9710882,0.80126953125,0.6312488101157244,0.9138183,1,1.0,0.5178116,0.32951277,0.1526756
4465063362990930,0.8008297,0.9951171875,0.4664552859099999,0.99047685,1,1.0,0.102697946,0.84786135,0.04944061
4464012605085750,0.9912038,0.9970703125,0.4828034088987499,0.9914444,1,1.0,0.3884678,0.50168324,0.10984895
4471654803364030,0.9939429,0.99169921875,0.6052628503767055,0.9871451,1,1.0,0.49570686,0.36669892,0.13759427
4472351171090090,0.95689577,0.99755859375,0.6457868911926418,0.99451077,1,1.0,0.15963578,0.7760073,0.064356975
4469478630637600,0.49753252,0.9970703125,0.5514812076237546,0.9938775,1,1.0,0.08048283,0.87145305,0.048064113
4469815953687100,0.9888763,0.99560546875,0.5314450545903295,0.98878455,1,1.0,0.3811323,0.5080029,0.11086486
4460409421072000,0.9353386,0.984375,0.4241712233472861,0.9681511,1,1.0,0.23933631,0.67601323,0.08465051
4461133747985980,0.98723274,0.998046875,0.4205212125207766,0.993565,1,1.0,0.31091538,0.59610075,0.0929839
4467295114486990,0.8500948,0.99365234375,0.4789854752335435,0.9877115,1,1.0,0.11823787,0.8283752,0.053386945
4456779481988780,0.9234123,0.5546875,0.4989142926845782,0.7821732,1,0.0,0.4804714,0.37697497,0.14255361
4472091380348340,0.9838589,0.7490234375,0.5584213737568625,0.9368229,1,1.0,0.5768861,0.26338398,0.15972991
4456064361730200,0.84010726,0.998046875,0.4765820768335974,0.99577266,1,1.0,0.10058382,0.84981036,0.04960584
4471648600645510,0.18412285,0.93701171875,0.5829473237152063,0.91125816,1,1.0,0.066420525,0.8944838,0.03909561
4464400066527740,0.35260084,0.99462890625,0.4481107566117267,0.9897446,1,1.0,0.07208206,0.88527644,0.04264145
4463239133455000,0.94391453,0.42822265625,0.4583927725176389,0.8024518,1,1.0,0.5373263,0.31144607,0.15122764
4469260313231640,0.48587412,0.89111328125,0.4201270996683803,0.8590094,1,1.0,0.09007071,0.868417,0.0415123
4465686652958220,0.9621189,0.99560546875,0.3946267743516971,0.9886212,1,1.0,0.22775131,0.6936212,0.078627415
4468019399121180,0.9948088,0.99560546875,0.4880879870523181,0.99039954,1,1.0,0.4840928,0.38691896,0.12898822
4470928749053050,0.9623784,0.96435546875,0.5838520263164894,0.9494546,1,1.0,0.36478594,0.51883066,0.11638338
4456072687383940,0.9930709,0.99560546875,0.5093449552094882,0.989595,1,1.0,0.44837233,0.42858362,0.12304407
4468939201498610,0.008885352,0.0150146484375,0.4684607842497514,0.01726383,0,0.0,0.071777254,0.88386434,0.044358376
4467429277464880,0.6964351,0.99267578125,0.375962868956887,0.986336,1,1.0,0.093343005,0.8606343,0.046022676
4465852373887250,0.93624955,0.994140625,0.470356724796528,0.9871651,1,1.0,0.17739193,0.75462097,0.06798712
4456582089515760,0.9765619,0.99755859375,0.3810554087986049,0.99267125,1,1.0,0.25081882,0.66738415,0.08179707
4472297010531820,0.7533987,0.958984375,0.6073634461058135,0.94027334,1,1.0,0.121280015,0.823959,0.054761037
4471979215828740,0.97502524,0.97412109375,0.6025787130386054,0.96265936,1,1.0,0.39755112,0.48009217,0.12235667
4464046042415530,0.9837991,0.998046875,0.4774123033142838,0.9940795,1,1.0,0.26928008,0.6454625,0.085257374
4465489365494510,0.12129453,0.0181427001953125,0.4647572780934011,0.033258054,0,1.0,0.1653123,0.759594,0.07509367
4462585182788070,0.9848668,0.99609375,0.4285374730110542,0.98886734,1,1.0,0.34087598,0.5580672,0.10105686
4472890982769690,0.39240298,0.99658203125,0.5322584056043042,0.9929518,1,1.0,0.07647132,0.87666065,0.046868075
4463306011677940,0.859024,0.0093002319335937,0.4838673119396027,0.4347421,0,1.0,0.57024056,0.27484342,0.15491605
4460766973325820,0.8794973,0.984375,0.4731547873817535,0.97123444,1,1.0,0.16072446,0.7740352,0.06524032
4464332924905710,0.99217016,0.998046875,0.4903383887836183,0.9936799,1,1.0,0.37114185,0.5234927,0.10536552
4469402155615730,0.9719881,0.99169921875,0.5581404657100596,0.98179376,1,1.0,0.29196215,0.61253595,0.09550196
4460783386057190,0.69591707,0.0830078125,0.4669037334470826,0.3000587,0,1.0,0.39612344,0.48243153,0.121445015
4460238642083010,0.98682284,0.99462890625,0.3750813028290745,0.98561895,1,1.0,0.39359128,0.4951616,0.11124709
4473056451387630,0.83678967,0.994140625,0.6508846530659625,0.98911065,1,1.0,0.10941464,0.83695173,0.053633705
4460052842659190,0.9755169,0.09552001953125,0.4473727356467328,0.85893095,1,1.0,0.62503916,0.20503174,0.16992915
4468704610329780,0.9759753,0.99609375,0.5426283654231098,0.9901286,1,1.0,0.2577466,0.65667,0.08558346
4467660794874270,0.9169852,0.99365234375,0.4968637223769064,0.9869212,1,1.0,0.15515675,0.7820002,0.062843055
4461657495022630,0.9957776,0.9970703125,0.3586236624383761,0.9921957,1,1.0,0.49053743,0.3839424,0.12552015
4470195081350270,0.88920873,0.9873046875,0.534694786931232,0.9766427,1,1.0,0.15475668,0.7814027,0.06384067
4458038754637540,0.9603942,0.99755859375,0.3422093882300773,0.9932254,1,1.0,0.19623068,0.73315585,0.07061347
4464766896948520,0.980875,0.99755859375,0.4670443135489244,0.99290645,1,1.0,0.26479056,0.6502975,0.08491198
4463170054091610,0.8601363,0.9501953125,0.4096622566167647,0.9201276,1,1.0,0.21135738,0.70861924,0.0800234
4466217702408540,0.9926082,0.9931640625,0.4859254700780145,0.98655486,1,1.0,0.47307315,0.39865437,0.12827244
4471289601436530,0.88650495,0.137939453125,0.5865284739491899,0.6233303,1,0.0,0.51595944,0.33274505,0.15129557
4469415649645930,0.9654735,0.99462890625,0.5593403803793362,0.9876716,1,1.0,0.23044705,0.6888278,0.080725126
4470687177732540,0.7721021,0.81591796875,0.48415943105927,0.7870309,1,1.0,0.21124677,0.70819783,0.08055535
4465822741445020,0.8588368,0.99853515625,0.4911489557513615,0.99673116,1,1.0,0.10108209,0.8489922,0.049925648
4467890339888000,0.84750915,0.9970703125,0.4676821434747254,0.9938976,1,1.0,0.10607829,0.8434975,0.050424162
4469763973171460,0.99640477,0.98828125,0.563426715403709,0.98877573,1,1.0,0.55967915,0.29144007,0.14888078
4461333262749600,0.016020637,0.0134048461914062,0.3568710551203343,0.016168445,0,0.0,0.08389475,0.8689117,0.047193613
4463672581239580,0.78575355,0.958984375,0.4333698091383839,0.93540114,1,1.0,0.1458382,0.79305357,0.061108224
4466907933776700,0.9565352,0.98046875,0.4965251072135217,0.96343553,1,1.0,0.30444834,0.5954162,0.10013542
4466220822893790,0.9931549,0.99609375,0.4984557105662623,0.99023193,1,1.0,0.4426079,0.43610227,0.121289864
4470368712437210,0.8237768,0.9482421875,0.4710391798527628,0.9211636,1,0.0,0.17456143,0.75555134,0.06988719
4458173291524430,0.9857414,0.9951171875,0.4501687861931617,0.987061,1,1.0,0.3648345,0.52854687,0.10661866
4455738863232920,0.979384,0.99609375,0.4970009035660729,0.98961216,1,1.0,0.28561205,0.6235161,0.09087184
4468749300477530,0.97256035,0.0150299072265625,0.520665480143875,0.8236575,1,0.0,0.6386579,0.17988381,0.18145828
4460021653716150,0.9964845,0.9970703125,0.4613315176177672,0.9930224,1,1.0,0.50221455,0.3674503,0.1303351
4456752085306200,0.9981717,0.9970703125,0.5185435486134705,0.99488986,1,1.0,0.55401963,0.30345327,0.14252715
4468009617858030,0.5986638,0.9384765625,0.5203801726646075,0.91564554,1,1.0,0.09570419,0.8597557,0.04454004
4472743255265490,0.8226588,0.99560546875,0.6364779470853708,0.99155384,1,1.0,0.10371982,0.8440245,0.05225568
4460772811647810,0.9352305,0.99365234375,0.4268888055390903,0.9858024,1,1.0,0.18455808,0.7456849,0.06975705
4467472185075340,0.95373785,0.99462890625,0.4266935153531109,0.9871136,1,1.0,0.21193133,0.71239346,0.07567516
4459322253343440,0.74390316,0.9892578125,0.4293438118390354,0.9808426,1,1.0,0.10243624,0.8490975,0.048466183
4470101879523100,0.9960569,0.98779296875,0.5247626489333608,0.98784757,1,1.0,0.5566555,0.29683873,0.14650574
4467818424432270,0.9061799,0.08245849609375,0.4239439266355205,0.6269703,1,0.0,0.55740273,0.28969365,0.15290363
4458562724363690,0.6083647,0.99560546875,0.4947201033809977,0.9915086,1,1.0,0.0832966,0.871188,0.045515466
4471629087803450,0.5174721,0.9111328125,0.5768469840808432,0.8857028,1,0.0,0.08684067,0.8715713,0.04158803
4465848305133790,0.68976647,0.016754150390625,0.4550174658678707,0.2216452,0,0.0,0.47120282,0.39498588,0.13381131
4467299983688570,0.5864933,0.99853515625,0.4982561028511929,0.9965668,1,1.0,0.084961005,0.86465645,0.05038262
4455973973961300,0.9598289,0.93017578125,0.4772186610270695,0.9238027,1,1.0,0.4236494,0.44886997,0.12748058
4467293712913480,0.9688505,0.998046875,0.4741753372047461,0.99483347,1,1.0,0.19213447,0.7387453,0.06912022
4469454224587420,0.92845166,0.93701171875,0.5270586997638058,0.9151606,1,1.0,0.31839737,0.57435787,0.10724473
4466354616498930,0.20398352,0.9912109375,0.3907097306448551,0.9836826,1,1.0,0.06757865,0.8908336,0.04158769
4462147352176920,0.9405876,0.9921875,0.4383208997081771,0.98270077,1,1.0,0.20370428,0.721594,0.07470171
4458473523385730,0.4763823,0.958984375,0.4333326904080496,0.94076556,1,0.0,0.07840708,0.8829443,0.03864861
4468394696561670,0.37238476,0.99462890625,0.5441167160057009,0.98973686,1,1.0,0.07428868,0.8809512,0.04476002
4465642570546830,0.9276912,0.95947265625,0.3745748268799889,0.9312399,1,0.0,0.30281422,0.59574723,0.1014385
4469079941723140,0.37451604,0.99658203125,0.5394003548638304,0.99291843,1,0.0,0.07624075,0.87657315,0.047186077
4469399245561000,0.9831596,0.99609375,0.54669835448203,0.98977995,1,1.0,0.3076603,0.59623086,0.096108854
4468728945359000,0.9597292,0.99755859375,0.5115224912542253,0.99407,1,1.0,0.17496383,0.7590453,0.06599091
4466208365834260,0.8072522,0.9658203125,0.4504117367675413,0.9447485,1,1.0,0.14825697,0.78980386,0.061939154
4468337054804720,0.97143734,0.99365234375,0.5171082319051149,0.98501635,1,1.0,0.2738596,0.63596195,0.09017847
4469833737795660,0.8644444,0.98193359375,0.530958182161993,0.9685799,1,1.0,0.15080893,0.78618246,0.0630086
4458187056516560,0.9322387,0.98291015625,0.5020669194132044,0.96742254,1,1.0,0.22837643,0.68894345,0.08268011
4471594455594760,0.9526871,0.99609375,0.6219508878870206,0.99151635,1,1.0,0.1727786,0.7595054,0.06771606
4473369406197580,0.9766585,0.96630859375,0.627320913515354,0.95888674,1,1.0,0.42446896,0.44606355,0.12946743
4469844961142370,0.9464145,0.99755859375,0.5738406489034711,0.9945205,1,1.0,0.14815664,0.79128784,0.060555413
4471541271984390,0.125868,0.02337646484375,0.5622950590290747,0.039529268,0,0.0,0.14818494,0.7824954,0.06931968
4462954625406020,0.9830908,0.998046875,0.4561330598737002,0.9940276,1,1.0,0.26662275,0.6488156,0.08456164
4466866820569550,0.99259734,0.99365234375,0.5055786787496825,0.9871345,1,1.0,0.4661899,0.4064264,0.1273837
4467303003701740,0.32442215,0.9609375,0.5098246354663577,0.9435718,1,1.0,0.068408966,0.8946798,0.036911245
4458903259968090,0.58671194,0.99365234375,0.4634392700102256,0.98835933,1,1.0,0.08178671,0.87453485,0.043678444
4470207307305920,0.9967637,0.998046875,0.5803278521722739,0.99470735,1,1.0,0.47586668,0.39570403,0.12842935
4464403254673410,0.8168758,0.99755859375,0.4595814529396095,0.9948403,1,1.0,0.099144645,0.8517589,0.04909648
4465492293522830,0.99223197,0.9951171875,0.4762863477432358,0.9884503,1,1.0,0.44512272,0.43298298,0.12189429
4465232015770310,0.6306474,0.9970703125,0.3733289530290025,0.9939037,1,1.0,0.08445256,0.8700534,0.04549406
4461463105701330,0.7342837,0.017974853515625,0.4868227318871775,0.26869136,0,0.0,0.4893214,0.37278527,0.13789338
4466218675401130,0.7549432,0.028594970703125,0.4897797760972674,0.3093936,0,0.0,0.48268157,0.38021144,0.13710691
4457654774370280,0.91083694,0.99365234375,0.3712135852582749,0.98600084,1,1.0,0.16125152,0.77450126,0.06424715
4472376387378950,0.9861616,0.059112548828125,0.611960537939806,0.91265714,1,1.0,0.64108497,0.17130162,0.18761335
4456678738919400,0.45627072,0.0072479248046875,0.4352675939556011,0.08350647,0,0.0,0.40846673,0.46572128,0.12581204
4457881359283560,0.38064054,0.73681640625,0.4744575905968177,0.70029485,1,1.0,0.08862011,0.870374,0.041005835
4471416525581500,0.26779523,0.4833984375,0.4564316924254157,0.4609104,0,0.0,0.09115815,0.86624235,0.042599436
4467537331183100,0.86775964,0.9873046875,0.4568810768900347,0.97625285,1,1.0,0.14608282,0.79287755,0.061039567
4471557722385330,0.9626974,0.99169921875,0.5816919461043489,0.9823575,1,1.0,0.247747,0.6660757,0.086177364
4470192912579230,0.63260484,0.99755859375,0.5260496714943507,0.9948192,1,1.0,0.08563523,0.8658309,0.04853395
4469451682920800,0.13540679,0.0141830444335937,0.5814010857393075,0.030258853,0,0.0,0.1737179,0.74762905,0.078653045
4467636149050280,0.9800152,0.9951171875,0.5369055578128917,0.9877885,1,1.0,0.3020537,0.60242724,0.095519036
4459688618203980,0.94827944,0.98779296875,0.4424464271340237,0.97398573,1,1.0,0.2499526,0.6636395,0.08640794
4472009104841560,0.99497616,0.99853515625,0.5843435898662509,0.9952301,1,1.0,0.3975467,0.49046522,0.11198807
4473102861675780,0.9953288,0.9970703125,0.6359549963217003,0.992934,1,1.0,0.4534241,0.41906765,0.12750821
4464044125805230,0.99743867,0.99755859375,0.4697208118860302,0.9943327,1,1.0,0.5213513,0.34491396,0.13373482
4472000950716950,0.86092407,0.42138671875,0.620811188558735,0.6598018,1,1.0,0.4078815,0.4605264,0.13159208
4465728058905320,0.84915495,0.9697265625,0.4278466963069416,0.9483443,1,1.0,0.17168556,0.7596212,0.068693176
4468384764608500,0.9386463,0.99658203125,0.5056654815642067,0.99237883,1,1.0,0.15475948,0.78332984,0.061910655
4460414936847740,0.9238815,0.98193359375,0.4450162787712519,0.9649589,1,1.0,0.22424127,0.6942353,0.08152339
4469321188858930,0.97830427,0.99755859375,0.4625588830225137,0.99304634,1,1.0,0.24878505,0.6696139,0.08160105
4467298121057330,0.7472564,0.99072265625,0.4905440204439525,0.983487,1,1.0,0.09955667,0.8522746,0.048168715
4470763547463750,0.0660779,0.9931640625,0.5092807996948544,0.983743,1,1.0,0.0770088,0.8646106,0.058380578
4465488865930720,0.2698584,0.019989013671875,0.4628390884808107,0.05739565,0,0.0,0.25250548,0.6507433,0.09675126
4472705711947150,0.9198602,0.849609375,0.6271484684517767,0.8629961,1,1.0,0.36027864,0.5187643,0.12095705
4467299463418890,0.99850744,0.99755859375,0.4963278610734017,0.9956327,1,1.0,0.56154805,0.29571068,0.14274131
4462771284658300,0.32279855,0.97265625,0.3595282343691888,0.9580571,1,1.0,0.06794475,0.8959176,0.03613761
4463683348242690,0.9441432,0.99658203125,0.4744518735228076,0.9921211,1,1.0,0.16481616,0.771096,0.06408792
4462732750955110,0.6148787,0.98583984375,0.3711234975442251,0.97596496,1,1.0,0.08809443,0.86860305,0.043302543
4471277265468500,0.4582918,0.99560546875,0.6074087347954226,0.9913851,1,1.0,0.0788363,0.8737019,0.04746186
4466203323787460,0.9520305,0.99365234375,0.499908631863416,0.9858073,1,1.0,0.20850097,0.7159182,0.07558092
4473468647413670,0.9930934,0.99462890625,0.6577244161289181,0.9892371,1,1.0,0.4449277,0.42636675,0.12870556
4468393149606100,0.81359154,0.99755859375,0.538371241206279,0.9949072,1,1.0,0.09813986,0.85194963,0.049910475
4460628716411600,0.9450494,0.341552734375,0.3910258315226142,0.7877676,1,1.0,0.5528126,0.29532403,0.15186334
4466563279202380,0.33974862,0.0144500732421875,0.4946312080390885,0.06457163,0,0.0,0.30705878,0.5842227,0.10871858
4464409008843660,0.8992196,0.99609375,0.4816767335249974,0.9918234,1,1.0,0.12834987,0.8159604,0.055689786
4470195072933490,0.9820882,0.998046875,0.534694786931232,0.9944366,1,1.0,0.24802549,0.670503,0.08147152
4471251680189200,0.828926,0.9970703125,0.5748855516664738,0.9940455,1,1.0,0.10138755,0.847746,0.050866455
4470181684436090,0.57233423,0.0457763671875,0.5524009926098291,0.18300109,0,0.0,0.35118815,0.5342468,0.11456501
4464044838259190,0.9830908,0.99755859375,0.4726036332130677,0.9927901,1,1.0,0.2808508,0.6309424,0.08820678
4460712733087250,0.87458533,0.9970703125,0.4451453592132535,0.99377054,1,1.0,0.11395569,0.8340362,0.052008186
4471294109684300,0.1402261,0.9970703125,0.603256233774389,0.9927181,1,1.0,0.07876509,0.8634189,0.057816066
